City,Lat,Lng,Max Temp,Humidity,Cloudiness,Wind Speed,Country,Date
Richards Bay,-28.78,32.04,284.2,69,0,1.54,ZA,1594954455
Albany,42.6,-73.97,292.59,84,100,0.45,US,1594954456
Sesheke,-17.48,24.3,278.15,64,0,0.5,ZM,1594954456
Hermanus,-34.42,19.23,279.82,89,0,1.34,ZA,1594954457
Qaanaaq,77.48,-69.36,279.3,74,55,1.51,GL,1594954254
Assiut,27.18,31.18,298.15,61,0,5.7,EG,1594954460
Yerbogachën,61.28,108.01,285.15,84,99,3.75,RU,1594954231
Haines Junction,60.75,-137.51,291.64,42,38,3.74,CA,1594954255
Bredasdorp,-34.53,20.04,280.15,87,0,3.1,ZA,1594954463
Chokurdakh,70.63,147.92,283.78,59,77,2.76,RU,1594954230
Hithadhoo,-0.6,73.08,302.16,72,94,4.32,MV,1594954464
Talaya,61.38,152.75,293.27,54,79,5.34,RU,1594954465
Bluff,-46.6,168.33,277.04,83,39,1.34,NZ,1594954264
Lubango,-14.92,13.49,281.16,50,0,4.3,AO,1594954467
Podareš,41.61,22.54,288.71,76,19,0.89,MK,1594954468
Baruun-Urt,46.68,113.28,290.9,76,100,6.12,MN,1594954365
Sittwe,20.15,92.9,302.19,78,98,4.49,MM,1594954470
Jamestown,42.1,-79.24,295.93,94,90,2.1,US,1594954295
Raudeberg,61.99,5.14,288.71,93,100,7.7,NO,1594954472
Saint Paul Harbor,57.79,-152.41,287.15,82,90,3.1,US,1594954473
Selizharovo,56.85,33.45,284.01,96,62,2.49,RU,1594954474
Formosa,-26.18,-58.18,291.15,93,62,3.1,AR,1594954263
Rikitea,-23.12,-134.97,296.31,81,100,2.12,PF,1594954478
Mataura,-46.19,168.86,277.04,83,32,1.34,NZ,1594954479
Kutum,14.2,24.67,297.01,61,93,4.79,SD,1594954480
Hūn,29.13,15.95,301.33,26,0,2.36,LY,1594954481
Nikolskoye,59.7,30.79,287.59,87,100,2.0,RU,1594954227
Tuatapere,-46.13,167.68,277.04,83,48,1.34,NZ,1594954264
Kostino,58.91,53.27,291.49,95,97,0.95,RU,1594954483
Hoquiam,46.98,-123.89,291.15,82,90,5.1,US,1594954484
Clyde River,70.47,-68.59,279.15,87,1,2.1,CA,1594954485
Saskylakh,71.92,114.08,281.79,80,100,7.0,RU,1594954486
Klaksvík,62.23,-6.59,283.15,87,86,5.7,FO,1594954393
Ahipara,-35.17,173.17,288.43,91,100,4.56,NZ,1594954285
Vostok,46.49,135.88,299.98,49,0,2.97,RU,1594954235
Dhārchula,29.85,80.53,296.5,72,82,0.81,IN,1594954490
Kapaa,22.08,-159.32,302.15,70,20,4.1,US,1594954491
Pathein,16.78,94.73,302.29,76,100,3.85,MM,1594954492
Mayo,38.89,-76.51,299.15,74,75,6.7,US,1594954462
Busselton,-33.65,115.33,285.93,97,63,8.14,AU,1594954494
Chui,-33.7,-53.46,280.97,93,0,1.67,UY,1594954495
Hasaki,35.73,140.83,293.15,100,75,4.6,JP,1594954496
Vaini,-21.2,-175.2,299.15,78,75,3.6,TO,1594954497
Oromocto,45.84,-66.48,289.15,82,1,3.1,CA,1594954497
Ribeira Grande,38.52,-28.7,293.73,78,31,4.4,PT,1594954258
Khatanga,71.97,102.5,280.97,75,100,8.58,RU,1594954230
Saint-Augustin,51.23,-58.65,289.92,57,12,3.94,CA,1594954500
La Romana,18.43,-68.97,298.15,94,40,3.24,DO,1594954501
Arraial do Cabo,-22.97,-42.03,291.15,82,20,2.6,BR,1594954502
Ostrovnoy,68.05,39.51,284.89,57,0,1.64,RU,1594954465
Riviere-au-Renard,49.0,-64.4,286.15,58,40,1.0,CA,1594954504
Hobart,-42.88,147.33,283.15,61,20,3.6,AU,1594954359
Dunedin,-45.87,170.5,282.59,61,25,0.89,NZ,1594954282
Sitka,57.05,-135.33,288.15,77,90,4.1,US,1594954508
Evensk,61.95,159.23,283.78,94,100,5.0,RU,1594954509
Barrow,71.29,-156.79,275.15,74,90,6.2,US,1594954510
Cidreira,-30.18,-50.21,287.44,92,100,6.76,BR,1594954510
Kaputa,-8.47,29.66,288.3,63,67,4.37,ZM,1594954512
Tura,25.52,90.22,299.9,91,99,2.66,IN,1594954306
Balkanabat,39.51,54.37,299.26,70,0,2.35,TM,1594954514
Iqaluit,63.75,-68.51,283.15,76,75,1.5,CA,1594954258
Kerrville,30.05,-99.14,304.15,45,1,2.1,US,1594954515
Grindsted,55.75,8.91,283.15,93,40,0.5,DK,1594954516
Cape Town,-33.93,18.42,282.04,93,0,2.1,ZA,1594954415
Zhigansk,66.77,123.37,293.58,47,26,6.51,RU,1594954518
Denpasar,-8.65,115.22,301.15,88,40,4.6,ID,1594954434
Castro,-24.79,-50.01,286.27,92,71,2.25,BR,1594954244
Hilo,19.73,-155.09,302.15,66,90,4.6,US,1594954263
Deputatsky,69.3,139.9,282.67,53,68,2.59,RU,1594954404
Moranbah,-22.0,148.05,291.73,27,0,3.2,AU,1594954523
Micheweni,-4.97,39.83,297.15,70,57,8.45,TZ,1594954524
Punta Arenas,-53.15,-70.92,272.15,86,0,2.1,CL,1594954524
Port Lincoln,-34.73,135.87,290.35,47,0,6.35,AU,1594954525
George Town,5.41,100.34,302.15,78,20,1.0,MY,1594954526
Murud,18.33,72.97,300.24,85,94,5.96,IN,1594954376
Bathsheba,13.22,-59.52,301.15,74,20,6.2,BB,1594954496
Nortelândia,-14.45,-56.8,294.86,32,0,1.42,BR,1594954530
Aykhal,66.0,111.5,292.15,52,40,5.0,RU,1594954531
Korla,41.76,86.15,302.6,21,0,3.04,CN,1594954532
Saint George,37.1,-113.58,311.15,11,1,4.6,US,1594954310
Karlstad,59.38,13.5,285.37,100,40,1.59,SE,1594954534
Pisco,-13.7,-76.22,289.15,82,90,5.1,PE,1594954535
Yellowknife,62.46,-114.35,291.15,48,40,2.6,CA,1594954258
Ushuaia,-54.8,-68.3,271.15,74,0,2.1,AR,1594954536
Tasiilaq,65.61,-37.64,280.15,65,3,5.7,GL,1594954537
São Filipe,14.9,-24.5,296.79,83,39,1.48,CV,1594954539
Bengkulu,-3.8,102.27,301.45,73,43,2.93,ID,1594954540
Nuuk,64.18,-51.72,284.15,76,23,4.1,GL,1594954476
Ilulissat,69.22,-51.1,282.15,70,91,1.0,GL,1594954428
Leningradskiy,69.38,178.42,281.47,78,91,6.55,RU,1594954420
Flinders,-34.58,150.86,289.82,62,27,4.02,AU,1594954543
Avarua,-21.21,-159.78,296.15,64,97,4.1,CK,1594954272
Sorong,-0.88,131.25,301.65,71,0,2.18,ID,1594954547
Puerto Ayora,-0.74,-90.35,292.59,91,8,0.45,EC,1594954548
Kumul,42.8,93.45,303.33,22,23,4.78,CN,1594954548
Taunggyi,20.78,97.03,295.55,85,100,1.94,MM,1594954011
San Quintín,30.48,-115.95,292.66,82,0,5.66,MX,1594954550
Airai,-8.93,125.41,296.03,58,0,1.61,TL,1594954551
Dubti,11.74,41.09,303.35,44,98,7.51,ET,1594954551
Hong Kong,22.29,114.16,304.82,62,97,4.92,HK,1594954304
Laguna,38.42,-121.42,300.15,39,1,5.7,US,1594954553
Tuktoyaktuk,69.45,-133.04,286.15,71,20,6.2,CA,1594954263
Igbo-Ora,7.43,3.28,294.89,95,100,0.96,NG,1594954555
Bambous Virieux,-20.34,57.76,294.15,77,40,3.1,MU,1594954556
Sakakah,29.97,40.21,302.15,15,0,1.5,SA,1594954557
Ponta do Sol,32.67,-17.1,292.15,82,20,1.5,PT,1594954558
Cayenne,4.93,-52.33,297.15,100,100,3.98,GF,1594954558
Hongjiang,27.11,110.0,305.61,49,100,6.67,CN,1594954499
Husavik,66.04,-17.34,282.15,87,90,10.3,IS,1594954561
Yangi Marg`ilon,40.43,71.72,300.15,28,100,2.1,UZ,1594954562
Behbahān,30.6,50.24,303.15,33,0,5.1,IR,1594954563
Lavrentiya,65.58,-171.0,284.59,75,100,1.67,RU,1594954564
Kavieng,-2.57,150.8,302.81,66,10,2.42,PG,1594954565
Port Alfred,-33.59,26.89,286.64,39,0,3.12,ZA,1594954566
Lebu,-37.62,-73.65,284.74,91,100,9.95,CL,1594954567
Guerrero Negro,27.98,-114.06,292.84,84,0,6.87,MX,1594954568
Nanortalik,60.14,-45.24,282.19,62,2,2.8,GL,1594954570
Kenai,60.55,-151.26,292.15,72,20,6.7,US,1594954571
Goubellat,36.54,9.66,296.15,64,20,4.6,TN,1594954573
East London,-33.02,27.91,286.97,36,0,2.14,ZA,1594954506
Menongue,-14.66,17.69,281.08,63,0,3.22,AO,1594954575
Prabumulih,-3.45,104.25,300.88,85,42,1.44,ID,1594954575
Kalemie,-5.95,29.19,293.86,62,71,7.85,CD,1594954576
Murgab,37.5,61.97,301.15,51,0,6.2,TM,1594954577
Belyy Yar,53.6,91.39,293.15,72,40,1.0,RU,1594954456
Mabay,6.06,124.47,303.07,66,3,2.13,PH,1594954580
Metro,-5.11,105.31,302.46,72,7,3.93,ID,1594954581
Charlottesville,38.03,-78.48,301.15,58,90,0.7,US,1594954285
Margate,51.38,1.39,291.48,76,98,0.89,GB,1594954312
Atar,20.52,-13.05,301.81,38,1,2.62,MR,1594954584
Coyhaique,-45.58,-72.07,273.15,90,90,2.1,CL,1594954584
Mafeteng,-29.82,27.24,272.39,86,0,0.51,LS,1594954585
Padang,-0.95,100.35,301.31,75,35,3.36,ID,1594954494
Saldanha,-33.01,17.94,279.15,81,0,1.5,ZA,1594954587
Miyako,39.64,141.95,294.97,74,100,3.62,JP,1594954588
Olinda,-8.01,-34.86,297.15,78,40,3.1,BR,1594954589
Longyearbyen,78.22,15.64,280.15,87,40,0.55,SJ,1594954590
Butaritari,3.07,172.79,301.67,71,100,4.48,KI,1594954591
New Norfolk,-42.78,147.06,283.15,84,0,0.45,AU,1594954358
Puro,12.48,123.38,303.81,68,23,3.74,PH,1594954592
Ancud,-41.87,-73.82,283.71,100,90,5.7,CL,1594954594
Colesberg,-30.72,25.1,272.99,86,0,0.41,ZA,1594954596
Moengo,5.62,-54.4,296.78,93,100,1.68,SR,1594954597
Darnah,32.77,22.64,296.82,85,3,7.54,LY,1594954597
Acapulco de Juárez,16.86,-99.89,301.15,88,90,2.6,MX,1594954598
Ol'ga,43.74,135.29,297.1,65,14,4.15,RU,1594954599
Kahului,20.89,-156.47,306.15,49,40,9.8,US,1594954452
Santa Maria,-29.68,-53.81,281.77,97,61,1.86,BR,1594954601
Iralaya,15.0,-83.23,299.52,88,82,3.47,HN,1594954601
Preobrazheniye,42.9,133.91,295.57,69,1,5.54,RU,1594954602
Wiarton,44.74,-81.13,293.15,94,90,2.1,CA,1594954603
Bull Savanna,17.89,-77.59,297.97,82,43,2.89,JM,1594954604
Ponta Porã,-22.54,-55.73,291.75,60,1,3.4,BR,1594954605
Shenjiamen,29.96,122.3,297.57,88,83,5.51,CN,1594954606
Buraidah,26.33,43.98,301.15,30,0,1.5,SA,1594954607
Kruisfontein,-34.0,24.73,281.62,44,0,2.45,ZA,1594954502
Grand Gaube,-20.01,57.66,292.59,81,0,2.24,MU,1594954608
Malé,4.17,73.51,301.15,88,75,1.25,MV,1594954609
Champerico,14.3,-91.92,300.73,75,22,2.61,GT,1594954610
Upernavik,72.79,-56.15,280.01,73,96,2.14,GL,1594954610
Makakilo City,21.35,-158.09,304.15,70,20,6.2,US,1594954511
Pitimbu,-7.47,-34.81,296.76,82,9,5.77,BR,1594954612
Jacareacanga,-6.22,-57.75,297.38,67,87,0.74,BR,1594954613
Koróni,36.8,21.95,297.04,94,0,2.1,GR,1594954613
Esperance,-33.87,121.9,284.15,100,75,7.7,AU,1594954614
Sri Aman,1.24,111.46,302.15,83,20,0.65,MY,1594954332
Provideniya,64.38,-173.3,286.15,71,90,2.66,RU,1594954616
Ust'-Barguzin,53.45,108.98,285.79,62,0,3.35,RU,1594954617
Alihe,50.57,123.72,305.11,41,13,2.4,CN,1594954618
Summerside,46.4,-63.79,284.26,87,100,2.41,CA,1594954618
Vavatenina,-17.47,49.2,290.11,81,50,2.42,MG,1594954619
Guiratinga,-16.35,-53.76,293.78,37,0,1.99,BR,1594954453
Atuona,-9.8,-139.03,299.66,76,6,7.83,PF,1594954621
Wahpeton,46.27,-96.61,297.15,60,1,1.56,US,1594954622
Port Elizabeth,-33.92,25.57,279.15,93,0,1.0,ZA,1594954502
Kodinsk,58.69,99.18,287.73,70,94,5.15,RU,1594954623
Estelle,29.85,-90.11,298.71,100,75,1.5,US,1594954624
Carnarvon,-24.87,113.63,291.15,100,90,7.7,AU,1594954624
Kieta,-6.22,155.63,302.88,67,94,3.38,PG,1594954626
Progreso,21.28,-89.67,302.59,65,40,2.6,MX,1594954627
Thompson,55.74,-97.86,292.15,68,40,5.1,CA,1594954627
Cururupu,-1.83,-44.87,296.18,95,0,1.01,BR,1594954628
Ullapool,57.9,-5.16,284.82,92,100,2.24,GB,1594954610
Vestmannaeyjar,63.44,-20.27,283.89,89,100,5.28,IS,1594954630
Langham,52.37,-106.97,296.48,56,75,2.6,CA,1594954631
Ciudad Bolivar,8.12,-63.55,299.18,81,96,4.05,VE,1594954632
Pangnirtung,66.15,-65.71,290.43,33,43,1.85,CA,1594954425
Ust'ye,59.63,39.74,287.0,97,100,0.39,RU,1594954633
Whitehorse,60.72,-135.05,293.15,45,75,2.6,CA,1594954398
Kupang,-10.17,123.58,305.15,38,20,6.2,ID,1594954635
Dvinskoy Bereznik,62.86,42.71,287.17,95,14,0.83,RU,1594954637
Tokoroa,-38.23,175.87,288.71,78,100,2.24,NZ,1594954638
Itarema,-2.92,-39.92,298.4,82,0,5.59,BR,1594954638
Ōmagari,39.45,140.48,297.15,69,75,3.6,JP,1594954489
Paamiut,61.99,-49.67,280.73,74,1,5.68,GL,1594954612
Tiko,4.07,9.37,297.15,100,75,1.5,CM,1594954641
Ponta Delgada,37.73,-25.67,293.15,82,75,3.6,PT,1594954641
Mabaruma,8.2,-59.78,296.89,96,94,1.19,GY,1594954642
Rakai,-0.72,31.48,288.56,75,100,1.76,UG,1594954643
Egvekinot,66.32,-179.17,287.17,73,73,2.53,RU,1594954400
Hervey Bay,-25.3,152.85,293.71,44,0,2.68,AU,1594954557
Gambēla,8.25,34.58,294.39,88,100,1.12,ET,1594954646
Dikson,73.51,80.55,278.29,94,30,2.51,RU,1594954621
Codrington,-38.27,141.97,285.81,68,0,3.62,AU,1594954647
Araouane,18.9,-3.53,306.28,37,74,5.15,ML,1594954648
Pudozh,61.81,36.53,283.25,97,96,2.25,RU,1594954649
Norman Wells,65.28,-126.83,292.15,72,75,5.7,CA,1594954643
Sirte,31.21,16.59,298.39,71,0,5.95,LY,1594954652
Ţahţā,26.77,31.5,300.15,47,0,4.1,EG,1594954653
Barbacoas,1.67,-78.14,297.04,92,81,0.21,CO,1594954654
Mount Gambier,-37.83,140.77,286.15,66,0,5.7,AU,1594954389
Nelson Bay,-32.72,152.15,287.15,76,90,7.7,AU,1594954503
Mar del Plata,-38.0,-57.56,280.93,86,0,1.0,AR,1594954656
Córdoba,-31.41,-64.18,284.26,69,0,3.1,AR,1594954657
Cosalá,24.41,-106.69,302.59,78,91,0.45,MX,1594954657
Bischofswerda,51.13,14.18,284.82,94,7,0.89,DE,1594954659
Buala,-8.14,159.59,302.17,73,100,4.25,SB,1594954660
Zyryanka,65.75,150.85,288.67,45,34,2.13,RU,1594954660
Sørland,67.67,12.69,285.99,91,100,6.24,NO,1594954661
Panguna,-6.32,155.48,299.84,74,87,0.77,PG,1594954662
Huejuquilla el Alto,22.6,-103.87,294.16,67,86,2.32,MX,1594954663
Lagoa,39.05,-27.98,293.68,80,100,4.81,PT,1594954663
Narsaq,60.92,-46.05,286.15,35,22,3.6,GL,1594954664
Pimentel,-6.84,-79.93,289.38,87,0,4.46,PE,1594954665
Beyneu,45.32,55.2,305.47,16,31,2.48,KZ,1594954665
Beruwala,6.48,79.98,301.14,81,100,3.25,LK,1594954666
Alta Floresta,-9.88,-56.09,295.8,54,19,0.45,BR,1594954667
Novoagansk,61.94,76.66,288.49,53,11,2.62,RU,1594954668
Gizo Government Station,-8.1,156.84,301.96,77,36,5.56,SB,1594954669
Morada Nova,-5.11,-38.37,296.49,83,60,2.26,BR,1594954670
Tolbazy,54.02,55.88,297.15,64,40,1.0,RU,1594954671
Tromsø,69.65,18.96,285.15,87,95,8.7,NO,1594954609
Sobolevo,54.43,31.9,284.5,92,50,2.51,RU,1594954672
Grindavik,63.84,-22.43,281.15,87,75,12.9,IS,1594954673
Port Hardy,50.7,-127.42,287.15,82,90,4.6,CA,1594954644
Manta,-0.95,-80.73,296.08,87,65,3.81,EC,1594954675
Løpsmarka,67.31,14.45,290.37,67,100,5.1,NO,1594954676
Adrar,20.5,-10.07,303.3,29,57,3.26,MR,1594954677
Huimilpan,20.37,-100.28,295.15,53,20,8.2,MX,1594954678
Port Augusta,-32.5,137.77,292.15,32,0,5.1,AU,1594954679
Las Vegas,36.17,-115.14,314.15,10,1,4.6,US,1594953795
Nikolayevka,53.13,47.2,289.94,74,0,1.16,RU,1594954680
Inhambane,-23.86,35.38,291.44,77,82,5.25,MZ,1594954681
Soyo,-6.13,12.37,295.75,87,96,2.39,AO,1594954682
Maţāy,28.42,30.78,292.85,78,0,4.02,EG,1594954684
Mahébourg,-20.41,57.7,294.15,77,40,3.1,MU,1594954685
Debre Sīna,9.85,39.77,285.93,85,100,2.85,ET,1594954686
Okha,53.57,142.95,289.35,94,100,1.92,RU,1594954687
Shakawe,-18.37,21.85,280.14,60,0,3.51,BW,1594954688
Meadville,41.64,-80.15,296.15,88,40,2.1,US,1594954688
Praia da Vitória,38.73,-27.07,293.15,88,75,4.62,PT,1594954689
Bowen,-20.02,148.23,294.82,34,0,3.6,AU,1594954500
Alofi,-19.06,-169.92,300.15,69,40,4.1,NU,1594954691
Cukai,4.25,103.42,303.15,79,40,1.5,MY,1594954692
Tiksi,71.69,128.87,277.56,81,97,10.99,RU,1594954693
Lompoc,34.64,-120.46,292.04,72,5,5.1,US,1594954694
Dingle,11.0,122.67,304.21,66,2,1.7,PH,1594954694
Torbay,47.67,-52.73,282.59,100,90,8.2,CA,1594954695
Rabo de Peixe,37.8,-25.58,293.15,82,75,3.6,PT,1594954696
Naze,28.37,129.48,301.15,83,75,6.2,JP,1594954503
Hamilton,39.18,-84.53,298.15,73,1,2.6,US,1594954698
Gongzhuling,43.5,124.82,303.71,53,39,6.58,CN,1594954698
Cabo San Lucas,22.89,-109.91,302.59,45,5,5.7,MX,1594954699
Discovery Bay,37.91,-121.6,301.48,39,1,9.8,US,1594954702
Namatanai,-3.67,152.43,302.04,73,21,1.48,PG,1594954604
Sinnamary,5.38,-52.95,298.85,86,96,4.16,GF,1594954703
Lapua,62.97,23.01,284.26,89,10,0.51,FI,1594954704
Severo-Kuril'sk,50.68,156.12,285.84,86,95,0.55,RU,1594954706
Actopan,20.27,-98.93,288.66,90,21,2.85,MX,1594954706
Ixtapa,20.7,-105.2,299.82,94,90,1.5,MX,1594954707
Henties Bay,-22.12,14.28,293.15,23,0,12.14,NA,1594954708
Abilene,32.45,-99.73,307.15,27,1,3.6,US,1594954640
Kaitangata,-46.28,169.85,282.04,58,30,4.02,NZ,1594954709
Tucumã,-0.18,-50.05,297.45,92,62,3.1,BR,1594954710
Ikalamavony,-21.15,46.58,283.12,78,76,3.58,MG,1594954711
Tomari,47.77,142.07,293.8,73,25,7.72,RU,1594954626
Coquimbo,-29.95,-71.34,282.15,100,35,5.1,CL,1594954712
Kichera,55.94,110.1,289.61,50,36,3.56,RU,1594954713
Kazlų Rūda,54.77,23.5,285.15,81,27,0.5,LT,1594954714
Dalvik,65.97,-18.53,282.15,87,90,10.3,IS,1594954715
Kotel'nich,58.31,48.35,289.07,82,23,2.35,RU,1594954716
Saint-Philippe,-21.36,55.77,291.15,82,75,2.6,RE,1594954717
Maïné Soroa,13.21,12.02,300.16,65,89,5.42,NE,1594954718
Nishihara,26.18,127.76,299.15,88,90,4.6,JP,1594954719
Vao,-22.67,167.48,293.84,63,0,7.56,NC,1594954719
Grootfontein,-19.57,18.12,277.66,71,0,4.59,NA,1594954720
Samarai,-10.62,150.67,297.71,84,96,7.09,PG,1594954721
Sungai Raya,0.7,108.9,301.95,75,92,3.26,ID,1594954722
Vila Velha,-20.33,-40.29,292.15,88,40,1.5,BR,1594954723
Kaeo,-35.1,173.78,289.26,3,100,4.47,NZ,1594954726
Praia,14.92,-23.51,298.15,73,75,5.7,CV,1594954690
Longhua,23.61,114.19,306.42,55,51,2.78,CN,1594954728
Kiryat Gat,31.61,34.76,296.48,69,1,1.52,IL,1594954729
Hauterive,46.09,3.45,290.15,87,90,1.5,FR,1594954730
Saint Anthony,45.02,-93.22,300.15,57,40,3.6,US,1594954616
Xining,36.62,101.77,297.04,51,20,1.04,CN,1594954636
Thinadhoo,0.53,72.93,302.15,70,100,3.27,MV,1594954733
Lima,-12.04,-77.03,289.15,82,90,3.1,PE,1594954733
Pevek,69.7,170.31,277.07,97,100,1.55,RU,1594954734
Khorinsk,52.17,109.77,291.5,40,23,4.82,RU,1594954735
Kattivākkam,13.22,80.32,301.15,83,75,3.1,IN,1594954736
Souillac,-20.52,57.52,294.15,77,40,3.1,MU,1594954737
Kousséri,12.08,15.03,297.15,88,20,2.6,CM,1594954704
Carutapera,-1.2,-46.02,296.44,94,12,1.76,BR,1594954739
Chakrāta,30.7,77.85,293.79,82,12,1.05,IN,1594954740
Yambio,4.57,28.4,291.26,95,19,0.46,SS,1594954629
Cherskiy,68.75,161.3,288.13,43,0,4.56,RU,1594954741
Kyaikkami,16.08,97.57,300.89,81,93,5.35,MM,1594954742
Kurayoshi,35.43,133.82,298.15,83,75,4.6,JP,1594954743
Katherine,-14.47,132.27,302.15,11,0,4.6,AU,1594954745
Wajir,1.75,40.06,294.31,64,100,3.75,KE,1594954641
Muros,42.78,-9.06,291.48,66,98,7.6,ES,1594954747
Sola,-13.88,167.55,300.23,79,64,3.84,VU,1594954747
Aljustrel,37.88,-8.17,299.15,41,0,2.1,PT,1594954748
Rudnaya Pristan',44.36,135.81,296.11,66,6,4.81,RU,1594954749
Moreira Sales,-24.06,-53.01,288.73,85,31,2.82,BR,1594954750
Okhotsk,59.38,143.3,287.93,82,100,3.87,RU,1594954576
Makat,47.65,53.35,302.13,50,89,7.48,KZ,1594954751
Along,28.17,94.77,297.7,89,100,0.58,IN,1594954752
Khipro,25.83,69.38,307.47,48,0,2.12,PK,1594954753
Turtas,58.94,69.13,299.24,67,23,2.23,RU,1594954753
Fort Nelson,58.81,-122.7,288.15,93,90,2.1,CA,1594954754
‘Āhuimanu,21.44,-157.84,304.15,66,40,5.7,US,1594954756
Bethel,41.37,-73.41,292.15,72,1,1.5,US,1594954757
Graciano Sánchez,23.92,-99.28,300.17,64,1,2.5,MX,1594954760
Mae Hong Son,19.3,97.97,302.15,74,75,1.5,TH,1594954763
Port Blair,11.67,92.75,300.5,83,97,5.36,IN,1594954764
Bambanglipuro,-7.95,110.28,302.74,56,0,2.27,ID,1594954765
Bahía Blanca,-38.72,-62.27,282.86,64,97,2.42,AR,1594954765
Bilma,18.69,12.92,301.77,41,8,1.0,NE,1594954640
Tahoua,14.89,5.27,299.15,83,0,4.1,NE,1594954767
Tazovsky,67.47,78.7,282.37,78,3,6.64,RU,1594954621
Dzaoudzi,-12.79,45.27,298.15,73,40,9.3,YT,1594954769
Kilindoni,-7.91,39.67,297.2,60,81,12.77,TZ,1594954769
Laas,46.62,10.7,283.15,100,90,2.1,IT,1594954770
Saint-Leu,-21.15,55.28,291.15,82,75,2.6,RE,1594954772
Lata,40.16,-8.33,298.71,88,85,0.5,PT,1594954773
Tongliao,43.61,122.27,307.98,28,99,8.74,CN,1594954775
Houma,29.6,-90.72,297.59,94,1,1.68,US,1594954510
Crateús,-5.18,-40.68,296.88,60,39,2.29,BR,1594954776
Omboué,-1.57,9.26,295.2,91,69,1.47,GA,1594954777
Kensington,-33.92,151.22,288.71,71,75,9.8,AU,1594954778
Nawalgarh,27.85,75.27,307.39,46,21,4.24,IN,1594954779
Killybegs,54.63,-8.45,287.59,96,100,1.34,IE,1594954780
Gondanglegi,-7.75,112.01,301.67,62,96,1.98,ID,1594954781
Kiunga,-6.12,141.29,301.93,72,88,1.74,PG,1594954548
Sur,22.57,59.53,303.83,60,100,1.41,OM,1594954630
Ugoofaaru,5.67,73.0,302.11,74,99,4.5,MV,1594954784
Casper,42.87,-106.31,303.15,28,1,4.6,US,1594954785
San Cristobal,7.77,-72.22,291.36,91,26,1.56,VE,1594954785
Isangel,-19.55,169.27,300.15,69,18,3.1,VU,1594954595
Camacha,33.08,-16.33,293.15,88,20,4.1,PT,1594954787
Calama,-22.47,-68.93,281.15,10,0,7.7,CL,1594954788
Lianzhou,24.78,112.38,304.19,66,100,2.22,CN,1594954789
Taoudenni,22.68,-3.98,307.75,27,15,3.5,ML,1594954790
Tefé,-3.35,-64.71,297.05,83,79,0.89,BR,1594954791
Novaya Lyalya,59.05,60.6,296.59,75,32,2.21,RU,1594954791
Katsuura,35.13,140.3,293.71,94,75,8.7,JP,1594954792
Hirara,24.8,125.28,302.15,83,75,8.2,JP,1594954576
Clarence Town,-32.58,151.78,288.71,76,90,7.7,AU,1594954794
Mendi,-6.18,143.65,291.4,89,72,1.41,PG,1594954795
Helena,46.59,-112.04,304.15,20,1,5.1,US,1594954795
Asifābād,19.37,79.28,298.34,82,85,3.12,IN,1594954796
Port Hedland,-20.32,118.57,299.15,11,0,3.6,AU,1594954797
Faya,18.39,42.45,294.15,49,45,4.78,SA,1594954798
Geraldton,-28.77,114.6,290.15,55,40,8.7,AU,1594954799
Necochea,-38.55,-58.74,280.81,79,28,4.04,AR,1594954583
Port Montt,-41.47,-72.94,283.15,93,90,5.1,CL,1594954802
Talnakh,69.49,88.4,283.15,76,75,9.0,RU,1594954718
Guymon,36.68,-101.48,302.15,54,1,2.6,US,1594954804
Dicabisagan,17.08,122.42,304.83,61,80,4.71,PH,1594954806
Badia Polesine,45.1,11.49,293.71,91,96,0.89,IT,1594954807
Batagay,67.63,134.63,292.07,32,79,1.08,RU,1594954808
Apaseo el Grande,20.57,-100.7,295.15,53,20,8.2,MX,1594954564
Bikin,46.82,134.26,301.25,59,0,3.44,RU,1594954625
Waipawa,-41.41,175.52,284.26,72,87,1.34,NZ,1594954811
Mehamn,71.04,27.85,285.15,87,88,0.5,NO,1594954609
Qaqortoq,60.72,-46.03,286.15,35,5,3.6,GL,1594954812
Sidrolândia,-20.93,-54.96,292.15,63,43,2.6,BR,1594954813
Beira,-19.84,34.84,291.15,82,75,5.1,MZ,1594954599
Pandan,14.05,124.17,304.21,65,71,1.83,PH,1594954816
Chongwe,-15.33,28.68,279.95,92,0,2.52,ZM,1594954817
Baringo,0.47,35.97,292.39,72,100,1.37,KE,1594954817
Norsup,-16.07,167.38,298.15,88,90,1.5,VU,1594954818
Banjar,-8.19,114.97,301.15,88,40,4.6,ID,1594954819
Atbasar,51.8,68.33,296.48,57,100,6.25,KZ,1594954626
Santa Cruz,30.42,-9.6,294.15,88,75,2.1,MA,1594954823
Shīeli,44.17,66.75,306.45,20,44,3.84,KZ,1594954823
Bolkhov,53.44,36.0,284.43,95,67,2.44,RU,1594954824
Hokitika,-42.72,170.97,284.56,47,75,1.13,NZ,1594954825
Yur’yev-Pol’skiy,56.5,39.68,287.11,95,100,3.93,RU,1594954826
Ugra,54.78,34.33,283.96,95,5,1.65,RU,1594954827
Watsa,3.04,29.54,289.45,99,96,0.71,CD,1594954828
Port-Gentil,-0.72,8.78,297.1,83,99,4.33,GA,1594954641
Téra,14.01,0.75,301.01,67,86,7.44,NE,1594954829
Motema,8.6,-11.03,292.7,98,100,0.46,SL,1594954830
Svetlaya,46.54,138.33,295.65,70,54,4.24,RU,1594954831
Kalmunai,7.42,81.82,302.34,71,94,0.36,LK,1594954580
Solnechnyy,50.72,136.63,294.78,92,100,1.04,RU,1594954833
Iskateley,67.68,53.15,284.37,73,43,4.11,RU,1594954833
Hay River,60.82,-115.8,288.15,77,75,5.1,CA,1594954834
Alexandria,31.22,29.96,298.15,73,0,5.1,EG,1594954640
Río Gallegos,-51.62,-69.22,264.15,92,75,1.5,AR,1594954836
Taksimo,56.34,114.88,286.92,69,100,1.96,RU,1594954837
La Joya,18.67,-99.47,300.15,51,75,3.1,MX,1594954838
Oussouye,12.48,-16.55,297.15,100,79,3.81,SN,1594954839
Buchanan,5.88,-10.05,296.76,78,96,2.62,LR,1594954839
San Matías,-16.37,-58.4,297.68,31,0,1.52,BO,1594954840
Otradnoye,59.78,30.82,288.15,87,100,2.0,RU,1594954841
Cananéia,-25.01,-47.93,289.65,90,63,1.74,BR,1594954842
Bajil,15.06,43.29,304.07,53,85,0.96,YE,1594954843
Sítio Novo do Tocantins,-5.52,-47.46,296.94,61,0,1.61,BR,1594954843
Ballina,-28.87,153.57,293.15,63,90,6.2,AU,1594954844
Verkhnyaya Inta,65.98,60.31,287.61,67,84,4.49,RU,1594954845
Kyzyl,51.7,94.45,291.78,39,92,0.3,RU,1594954627
Megion,61.03,76.11,289.15,72,0,3.0,RU,1594954846
Ola,59.58,151.28,286.39,83,78,5.12,RU,1594954847
Pochutla,15.74,-96.47,300.37,86,44,1.47,MX,1594954848
Baki,-7.61,110.78,300.15,78,0,2.1,ID,1594954848
Mogadishu,2.04,45.34,298.24,78,100,8.55,SO,1594954831
Touros,-5.2,-35.46,295.15,94,90,1.5,BR,1594954675
Vanimo,-2.67,141.3,301.43,78,42,1.36,PG,1594954851
Meulaboh,4.14,96.13,301.72,76,64,1.03,ID,1594954852
Petra,30.32,35.48,289.44,73,0,1.06,JO,1594954854
Luangwa,-15.62,30.42,283.81,73,6,1.49,ZM,1594954855
Palmer,42.16,-72.33,292.15,72,90,2.1,US,1594954855
Yumen,40.28,97.2,295.07,39,96,4.44,CN,1594954856
Trairi,-3.28,-39.27,298.84,77,0,4.75,BR,1594954857
High Rock,26.62,-78.28,301.61,76,0,7.04,BS,1594954859
Porto-Novo,6.5,2.6,297.15,94,20,3.1,BJ,1594954859
Faanui,-16.48,-151.75,298.48,81,5,4.9,PF,1594954860
Mossamedes,-15.2,12.15,294.42,37,0,4.2,AO,1594954861
Nyrob,60.73,56.72,294.37,86,87,0.92,RU,1594954862
Ayan,56.45,138.17,286.16,92,99,3.6,RU,1594954862
Nome,64.5,-165.41,289.15,67,90,5.1,US,1594954643
Ghanzi,-21.57,21.78,277.3,69,0,5.08,BW,1594954864
Huarmey,-10.07,-78.15,288.93,84,15,3.16,PE,1594954865
Lorengau,-2.02,147.27,303.3,62,54,1.52,PG,1594954865
Tessalit,20.2,1.01,303.65,30,0,2.96,ML,1594954866
Presidencia Roque Sáenz Peña,-26.79,-60.44,286.32,97,1,1.84,AR,1594954868
San Anselmo,37.97,-122.56,289.82,58,16,1.34,US,1594954646
Cocorăștii Mislii,45.08,25.93,290.15,88,6,3.1,RO,1594954870
Ségou,13.43,-6.22,295.82,89,0,2.6,ML,1594954872
Turaif,31.67,38.66,296.15,53,0,2.1,SA,1594954873
Dindori,22.95,81.08,300.28,72,11,2.16,IN,1594954874
Dryden,49.78,-92.75,294.15,46,1,3.1,CA,1594954875
Yunyang,33.45,112.71,294.93,93,100,2.31,CN,1594954876
Hofn,64.25,-15.21,284.08,87,98,7.52,IS,1594954876
Tabou,4.42,-7.35,295.9,85,7,3.16,CI,1594954877
Vadgaon,20.94,74.87,301.05,77,20,0.53,IN,1594954878
Umluj,25.02,37.27,300.34,65,0,2.5,SA,1594954835
Samaná,19.21,-69.34,298.87,85,1,2.74,DO,1594954881
Mishelevka,52.86,103.17,292.82,45,100,1.33,RU,1594954882
Les Cayes,18.2,-73.75,299.47,78,3,1.46,HT,1594954884
Fortuna,40.6,-124.16,289.82,93,90,4.1,US,1594954884
Brae,60.4,-1.35,284.15,100,100,6.7,GB,1594954885
Asău,46.43,26.4,285.37,95,26,1.86,RO,1594954887
Caravelas,-17.71,-39.25,294.68,77,19,3.76,BR,1594954888
Ismailia,30.6,32.27,292.3,87,0,2.29,EG,1594954641
Yar-Sale,66.83,70.83,286.81,60,3,2.06,RU,1594954889
Requena,39.49,-1.1,290.93,91,2,0.87,ES,1594954890
Petropavlovsk-Kamchatskiy,53.05,158.65,292.15,77,20,7.0,RU,1594954626
Llandrindod Wells,52.24,-3.38,287.59,91,50,1.83,GB,1594954892
Coahuayana Viejo,18.73,-103.68,299.6,87,78,0.08,MX,1594954893
Turiaçu,-1.66,-45.37,296.09,94,0,0.79,BR,1594954894
Sergeevka,53.88,67.42,295.5,61,16,3.1,KZ,1594954895
Acandí,8.51,-77.28,298.69,88,100,1.62,CO,1594954895
Oskemen,49.96,82.61,297.15,50,48,1.0,KZ,1594954896
Bow Island,49.87,-111.37,300.15,44,75,4.6,CA,1594954644
Vardø,70.37,31.11,287.15,76,99,3.6,NO,1594954898
Kantemirovka,49.71,39.86,289.44,84,96,3.3,RU,1594954899
Lewistown,40.6,-77.57,297.15,88,90,4.19,US,1594954698
Beringovskiy,63.05,179.32,284.17,84,95,2.14,RU,1594954900
Kartaly,53.05,60.65,296.56,58,0,2.11,RU,1594954839
Rio Grande,-32.03,-52.1,281.48,97,1,3.08,BR,1594954902
Puerto Madero,14.72,-92.42,299.15,94,75,1.0,MX,1594954902
Kapiri Mposhi,-13.97,28.68,280.49,85,21,4.53,ZM,1594954875
Boende,-0.22,20.87,294.6,91,93,1.23,CD,1594954856
Bariloche,-41.15,-71.31,274.15,86,20,3.1,AR,1594954801
Burnie,-41.07,145.92,284.82,56,0,2.68,AU,1594954884
Mbini,1.57,9.61,297.15,100,40,3.1,GQ,1594954909
Anloga,5.79,0.9,297.15,94,40,3.6,GH,1594954642
Key Largo,25.09,-80.45,302.59,86,6,7.23,US,1594954910
La Ronge,55.1,-105.28,291.15,68,40,2.1,CA,1594954911
Nago,26.59,127.98,299.15,94,75,3.1,JP,1594954743
Qui Nhon,13.77,109.23,304.22,62,0,4.61,VN,1594954618
Sandnessjøen,66.02,12.63,287.15,93,100,2.6,NO,1594954914
Qandala,11.47,49.87,303.75,42,93,6.14,SO,1594954915
Kapit,2.02,112.93,304.62,60,96,0.7,MY,1594954916
Fare,-16.7,-151.02,298.58,77,34,3.74,PF,1594954916
Sol'-Iletsk,51.16,54.99,300.46,35,10,2.76,RU,1594954827
Nuevitas,21.55,-77.26,299.15,88,72,3.6,CU,1594954652
Pacific Grove,36.62,-121.92,289.82,82,90,3.1,US,1594954919
Urusha,54.05,122.9,297.58,59,98,1.46,RU,1594954919
Flin Flon,54.77,-101.86,290.76,64,90,2.31,CA,1594954920
Kwang Binh,17.48,106.6,307.07,51,42,3.2,VN,1594954922
Lüderitz,-26.65,15.16,298.15,13,0,10.8,NA,1594954911
Ucluelet,48.93,-125.55,288.15,86,94,4.51,CA,1594954925
Cockburn Town,21.46,-71.14,301.52,78,47,8.75,TC,1594954902
Unaí,-16.36,-46.91,291.28,53,4,0.74,BR,1594954927
Wawa,9.9,4.42,294.63,95,94,2.14,NG,1594954927
Caruray,10.31,119.01,304.83,59,91,0.11,PH,1594954928
Dunmore Town,25.5,-76.65,301.77,74,57,7.65,BS,1594954929
Kawalu,-7.38,108.21,302.8,55,1,1.76,ID,1594954930
São João da Barra,-21.64,-41.05,293.22,71,87,2.15,BR,1594954930
Masuguru,-11.37,38.42,290.58,65,59,3.51,TZ,1594954931
Calvinia,-31.47,19.78,280.41,54,0,4.56,ZA,1594954643
Inverell,-29.78,151.12,288.71,51,0,2.24,AU,1594954933
Songyang,34.46,113.03,299.82,99,100,2.46,CN,1594954845
Maceió,-9.67,-35.74,296.15,69,55,2.1,BR,1594954882
Ampanihy,-24.7,44.75,285.62,87,0,3.14,MG,1594954936
Vanavara,60.34,102.28,286.53,87,55,4.04,RU,1594954937
Bluefields,12.01,-83.76,298.97,90,92,3.19,NI,1594954927
Sabha,27.04,14.43,302.3,20,0,4.94,LY,1594954921
Kudahuvadhoo,2.67,72.89,302.04,68,100,0.6,MV,1594954809
Darhan,49.49,105.92,288.83,47,74,0.94,MN,1594954940
Ust-Nera,64.57,143.2,292.38,32,75,2.33,RU,1594954941
Milledgeville,33.08,-83.23,301.48,74,75,1.41,US,1594954849
Walvis Bay,-22.96,14.51,290.15,18,0,5.7,NA,1594954943
Lebedinyy,58.52,125.52,298.83,53,28,2.07,RU,1594954944
Aquiraz,-3.9,-38.39,299.15,78,75,5.1,BR,1594954918
South River,40.45,-74.39,294.26,74,87,3.75,US,1594954937
Kitimat,54.05,-128.65,288.71,80,93,0.89,CA,1594954947
Srednekolymsk,67.45,153.68,280.75,87,100,3.66,RU,1594954948
Las Palmas,28.42,-14.01,295.15,88,0,2.1,ES,1594954949
Portland,45.52,-122.68,298.71,59,1,0.45,US,1594954501
Khovd,48.01,91.64,292.91,36,0,2.26,MN,1594954950
Wick,58.43,-3.08,285.15,93,100,2.1,GB,1594954951
Nemuro,43.32,145.57,294.15,68,20,4.1,JP,1594954939
Bolshaya Martynovka,47.27,41.67,295.61,49,85,4.76,RU,1594954953
Shimoda,34.67,138.95,293.15,94,75,5.7,JP,1594954861
Great Falls,47.5,-111.3,301.15,28,1,5.1,US,1594954894
Olafsvik,64.89,-23.71,282.19,74,98,12.81,IS,1594954956
Eureka,40.8,-124.16,289.26,83,2,0.89,US,1594954936
Ubari,26.59,12.78,300.53,20,0,2.44,LY,1594954958
Montepuez,-13.13,39.0,287.21,81,0,4.39,MZ,1594954960
Kavaratti,10.57,72.64,301.62,80,100,8.68,IN,1594954962
Longview,32.5,-94.74,302.59,66,1,2.1,US,1594954962
Gryazi,52.5,39.94,287.15,87,0,2.0,RU,1594954945
Ilhéus,-14.79,-39.05,295.03,88,98,4.78,BR,1594954964
Madang,-5.22,145.8,303.06,68,29,3.1,PG,1594954891
Shahrud,36.42,54.98,295.69,36,0,2.44,IR,1594954968
Alyangula,-13.85,136.42,301.15,37,4,3.6,AU,1594954969
Kamenka,51.32,42.77,288.71,72,74,0.72,RU,1594954970
Macapá,0.04,-51.07,301.15,88,20,5.1,BR,1594954971
Port-Cartier,50.03,-66.87,290.37,63,75,3.1,CA,1594954971
Abu Dhabi,24.47,54.37,307.15,56,1,3.1,AE,1594954807
Wschowa,51.81,16.32,285.93,87,93,0.45,PL,1594954973
West Wendover,40.74,-114.07,307.15,13,1,4.6,US,1594954974
College,64.86,-147.8,293.15,55,75,1.5,US,1594954975
Derzhavīnsk,51.1,66.32,296.5,48,0,6.84,KZ,1594954977
Dargaville,-35.93,173.88,287.97,89,100,2.83,NZ,1594954857
São Miguel do Araguaia,-13.28,-50.16,295.33,42,10,1.94,BR,1594954978
Yarmouth,41.71,-70.23,290.37,77,20,3.64,US,1594954933
Fengrun,39.83,118.12,304.82,17,100,1.34,CN,1594954727
Departamento de Maldonado,-34.67,-54.92,282.59,93,0,3.1,UY,1594954894
Avera,33.19,-82.53,301.15,83,1,1.5,US,1594954893
Karratha,-20.74,116.85,298.09,33,6,1.33,AU,1594954728
Silopi,37.25,42.47,301.24,22,0,1.3,TR,1594954984
Tateyama,34.98,139.87,293.71,94,75,8.7,JP,1594954985
Malinyi,-8.93,36.13,288.73,72,27,1.65,TZ,1594954987
Hanzhong,33.07,107.03,299.64,71,74,0.75,CN,1594954992
Ureki,42.0,41.78,296.15,94,75,4.6,GE,1594954992
Berlevåg,70.86,29.09,285.15,87,88,0.5,NO,1594954993
